﻿序号,微博内容,发布时间,转发数,评论数,点赞数,设备源,微博ID,flag
1,"
                                                                                                    #阿坝政事#【四川省发文批准红原花海为国家4A级旅游景区】9月18日，据《四川省旅游景区质量等级评定委员会关于新评国家4A级旅游景区公告》获悉，经市州旅游景区质量等级评定委员会推荐，四川旅游标准评定委员会组织评定，宜宾市兴文县僰王山景区、阿坝州红原县红原花海景区达到国家4A级旅游景区标准的 ????????...展开全文c                                            ", 9月22日 14:11,1,1,赞,微博 weibo.com,FmZ82mxVJ,0
2,"
                                                                                                    #阿坝政事#【阿坝州福彩公益金482万元用于老龄事业】2017年，阿坝州福彩公益金482万余元，用于养老服务体系建设、购买老年人意外伤害保险和基层老年协会建设。其中：380万元用于马尔康、理县等7县（市）养老服务体系建设;35万余元用于7100余名具有阿坝州户籍且年龄在60周岁以上的城乡特困供养老年人和 ????????...展开全文c                                            ", 9月22日 14:10,转发,评论,1,微博 weibo.com,FmZ7Janeu,0
3,"
                                                                                                    #阿坝政事#【阿坝州评选十佳乡村教师10名】今年，阿坝州认真落实农村教师生活补助政策，惠及农村教师6500余人。为乡村从教满30年以上的1924名教师颁发了“乡村学校从教30年教师荣誉证书”。评选“阿坝州十佳乡村教师”10名，给予每人2万元奖励（州政府奖励5千元、李氏教育奖励促进会奖励1.5万元）。 ????????                                            ", 9月22日 11:30,转发,评论,1,微博 weibo.com,FmY4LjNxD,0
4,"
                                                                                                    #阿坝政事# 【刘作明调研双江口水电站重点工程建设和水电移民安置情况】9月14日，州委书记刘作明在马尔康市和金川县调研水电移民安置，督导脱贫攻坚工作，考察金川县新城建设、重大公共服务项目、生态环保设施推进情况。要求加快推进重点项目，着力培育特色优势产业，努力促进县域经济持续健康发展。 ????????                                            ", 9月20日 19:41,转发,1,赞,微博 weibo.com,FmIqSol6B,0
5,"
                                                                                                    #阿坝政事#【1-8月阿坝州清退城乡低保23549人】今年1至8月，阿坝州清退城乡低保23549人，目前共保障城乡低保对象13.54万人，发放低保金2.34亿元，城乡月人均补助水平分别达到265元、170元。 ????????                                            ", 9月20日 14:43,转发,评论,赞,微博 weibo.com,FmGu63q4c,0
6,"
                                                                                                    #阿坝政事#【阿坝州研究九寨沟地震对全州经济影响】9月13日至14日，州委副书记州长杨克宁主持召开十二届阿坝州人民政府第七次常务会议，研究《8.8九寨沟7.0级地震对全州经济的影响分析及对策建议报告》。阿坝州连续遭受多起自然灾害，要求坚持发展第一要务，迎难而上，打赢经济止滑回稳攻坚战。 ????????                                            ", 9月20日 14:38,转发,2,4,微博 weibo.com,FmGs6gi1X,1
7,"
                                                                                                    【阿坝州首个“净土阿坝”体验馆正式开馆】9月14日，首个“净土阿坝”农产品体验馆在阿坝州汶川县大禹农庄正式开馆。该体验馆以图文和实物的形式分区展示了阿坝州13县（市）及卧龙特区60余种200多款名优特色农产品，并采取线上线下相结合的方式，由大禹农庄和四川麦味网共同运营承销。开馆当天现场销售 ????????...展开全文c                                            ", 9月19日 19:52,转发,评论,1,微博 weibo.com,Fmz4QpB5z,0
8,"
                                                                                                    【“净土阿坝”农产品闪耀中西部畜博会】第二届中国中西部畜牧业博览会暨畜产品交易会9月15至17日在重庆市博览中心举行。阿坝州8家企业和专合社的30余种“三品一标”特色农产品参展。展会期间共现场销售“净土阿坝”系列农产品40万余元，产销项目签约300多万元。 ????????                                            ", 9月19日 14:52,转发,评论,赞,微博 weibo.com,Fmx74AxKi,0
9,"
                                                                                                    【1至8月阿坝州各A级旅游景区共接待海内外游客1120.62万人次】1至8月，阿坝州各A级旅游景区共接待海内外游客1120.62万人次，实现门票收入6.16亿元，较2016年同期分别下降9.89%和19.48%。其中，8月阿坝州各A级旅游景区共接待海内外游客106.97万人次，实现门票收入10669.83万元，较2016年同期分别下降59. ????????...展开全文c                                            ", 9月19日 13:52,2,3,1,微博 weibo.com,FmwIIzF1i,0
10,"
                                                                                                    【1至8月阿坝州机场旅客吞吐量53.55万人次】1至8月，九黄机场进出港航班4856架次，旅客吞吐量52.5万人次。其中，进港26.45万人次，出港26.05万人次；红原机场进出港航班156架次，旅客吞吐量1.05万人次。其中，进港0.53万人次，出港0.52万人次。 ????????                                            ", 9月19日 13:44,转发,评论,1,微博 weibo.com,FmwFstGb6,0
11,"
                                                                                                    【1至8月阿坝州实现旅游收入214.89亿元】1至8月，阿坝州共接待海内外游客2601.9万人次，实现旅游收入214.89亿元，较2016年同期分别下降4.35%和6.82%。其中，8月全州共接待海内外游客178.9万人次，实现旅游收入14.38亿元，较2016年同期分别下降65.3%和68.88%。 ????????                                            ", 9月19日 10:44,1,1,赞,微博 weibo.com,FmvupuIHm,0
12,"
                                                                                                    【阿坝州签订投资合作项目20个 金额达85.15亿元】 9月16日，阿坝州在成都举行第二届中国西部国际博览会进出口商品展暨中国西部（四川）国际投资大会阿坝州投资合作推介暨签约仪式。投资合作推介会暨项目签约仪式，推出产业项目48个，投资总额151亿元；签订投资合作项目20个，签约总金额达85.15亿元。 ????????                                            ", 9月19日 09:55,1,1,赞,微博 weibo.com,Fmvaw5FC2,0
13,"
                                                                                                    【1-8月阿坝州引进到位国内州外资金58.48亿元】1至8月引进到位国内州外资金58.48亿元，完成目标任务78亿元的75%,到位国内省外资金33.09亿元，完成州下达目标任务35亿元的94%。 ????????                                            ", 9月19日 09:44,转发,评论,1,微博 weibo.com,Fmv63xuUG,0
14,"
                                                                                                    【2012年以来国家开发银行累计为阿坝州贫困学生发放贷款5192万元】国开行从2012年开始与阿坝州开展生源地助学贷款合作，截至2017年6月末，已实现全州13个县的“全覆盖”，累计发放助学贷款5192万元，支持学生4733人、7123人次。今年，全州学生申请人数5564人，贷款申请4302万元，创历史新高。????????????...展开全文c                                            ", 9月19日 09:42,1,评论,赞,360安全浏览器,Fmv5ttwaI,0
15,"
                                                                                                    【阿坝州评出10名""感动阿坝年度人物""】据《""感动阿坝年度人物""评选结果公示》，经推荐、筛选、投票、评审、审议等环节,产生10名""感动阿坝年度人物""即：张茂堂、王绍明、左林凤、曲让、健阳乐住、顺定明、泽东、兵秀主、高瑞涛、李贵蓉。公示期：2017年9月8日至9月12日。如有意见建议可向州文明办反映。 ????????                                            ", 9月8日 17:37,1,1,2,微博 weibo.com,FkSuXq7me,0
16,"
                                                                                                    #阿坝政事# 【刘作明会见法国驻成都总领事馆总领事满碧滟】9月7日上午，州委书记刘作明在马尔康会见了来州拜访的法国驻成都总领事馆总领事满碧滟（FabyèneMANSENCAL）、商务参赞刘赛博（SébastienJOUIN）及中航安盟保险公司总裁欧贝格（Olivier Pequeux）一行，并就法方关心的我州生态保护及双方合作进 ????????...展开全文c                                            ", 9月8日 11:03,转发,评论,4,微博 weibo.com,FkPUZexxk,0
17,"
                                                                                                    #阿坝民生# 【截至目前九寨沟县地震灾区脆红李销售达90万斤】截至9月4日，九寨沟县郭元乡脆红李通过邮政网、淘宝网、微信等方式营销，累计销售脆红李60万斤；成都、绵阳、南充、邛崃等地水果商贩线下方式，累计销售脆红李30万斤。截至目前，九寨沟县郭元乡共销售脆红李90万斤。 ????????                                            ", 9月7日 11:36,3,1,2,微博 weibo.com,FkGHGhOvb,1
18,"
                                                                                                    #阿坝政事# 【1至8月阿坝州水质达标率为100%】2017年1至8月，阿坝州主要河流出境断面水质达到Ⅲ类标准；5个国控地表水监测断面、2个省控地表水监测断面、1个国控地表水联合监测断面水质均达到Ⅱ类标准；2个市（州）级集中式饮用水水源地、20个县级集中式地表水饮用水水源地、2个县级集中式地下水饮用水 ????????...展开全文c                                            ", 9月7日 11:33,转发,3,赞,微博 weibo.com,FkGGzbCCn,0
19,"
                                                                                                    #阿坝政事# 【阿坝州建立老人高龄津贴制度】从2013年1月1日起，凡具有阿坝州户籍且年龄在80周岁以上的老年人，均可享受高龄津贴，发放标准为80岁至89岁50元/人/月；90岁至99岁80元/人/月；100周岁以上200元/人/月和春节慰问金1000元/人。 ????????                                            ", 9月6日 20:39,转发,1,2,微博 weibo.com,FkAPstulD,0
20,"
                                                                                                    #阿坝政事#【九寨沟震后最大就业援助专场招聘会】9月5日上午，“情系灾区·就业援助”九寨沟“8.8”地震灾后重建就业援助专场招聘会在县城文化艺术中心广场举行。134家企业携1万多岗位入场，现场咨询6543人，应聘登记3764人，达成意向性协议1614人，现场面试3288人，登记培训报名意向713人。 ????????                                            ", 9月6日 10:41,转发,评论,1,微博 weibo.com,FkwUIukzg,1
21,"
                                                                                                    #阿坝政事#【截至8月底汶马高速累计完成投资145.58亿元】截至8月底，2017年度累计完成投资35.88亿元，占交通运输厅下达的年度投资目标的59.8%，自开工累计完成投资145.58亿元，占项目概算总投资的50.7%。 ????????                                            ", 9月5日 22:23,转发,评论,1,微博 weibo.com,Fks5brYvm,0
22,"
                                                                                                    #阿坝政事#【《九寨沟地震灾后重建总体规划》预计10月形成送审稿】目前，根据省“1总规5实施方案”规划体系安排部署，制定《“8·8”九寨沟地震灾后恢复重建规划编制工作方案》，深入受灾“一线”调查，加强对具体实施方案编制、行业重建等重大问题的研究，同步做好政策梳理、灾后重建项目对接等工作。 ????????                                            ", 9月5日 21:31,2,1,1,微博 weibo.com,FkrK4FjFu,1
23,"
                                                                                                    #阿坝政事# 【1-8月茂县累计接待游客近170万人次】1-8月，茂县累计接待游客1669034人次，实现旅游总收入132388.94万元。其中，羌乡古寨景区累计接待游客509212人次，中国古羌城景区累计接待游客403481人次,叠溪—松坪沟景区累计接待游客28246人次，九顶山景区累计接待游客126988人次，住宿及其他累计接 ????????...展开全文c                                            ", 9月5日 15:25,1,评论,4,微博 weibo.com,FkplwtYay,0
24,"
                                                                                                    #阿坝政事# 【九寨沟地震灾区消毒30.2万平米】九寨沟县对临时应急避险点附近29个公共厕所、31个垃圾堆放点进行了全面消毒，消毒面积累计达301684平方米，目前灾区无传染病流行和突发公共卫生事件发生。 ????????                                            ", 9月5日 15:21,转发,评论,2,微博 weibo.com,FkpjTriWz,1
25,"
                                                                                                    【绵阳援建壤塘县项目建设推进良好】2017年，壤塘县实施绵阳市援建项目11个，计划投资2765万元。到8月底，已开工9个，完成投资1569.6万元，开工率、投资完成率分别达82%、57%。 ????????                                            ", 9月4日 10:00,1,1,1,360安全浏览器,FkdNe8TOg,0
26,"
                                                                                                    【成兰铁路（阿坝段）完成投资13.14亿元】2017年1至8月，成兰铁路（阿坝段）完成投资13.14亿元；累计完成投资121.89亿元。 ????????                                            ", 9月4日 09:59,1,评论,5,360安全浏览器,FkdN22j8N,0
27,"
                                                                                                    【1至8月阿坝州州级财政国库实现支付344491万元】1至8月，州本级实现支付业务47868笔，支付金额为344491万元，其中：实现直接支付业务9768笔，支付金额为290537万元；实现授权支付业务38100笔，支付金额为53954万元。直接支付金额占总金额的84.34%，其中：工资支付金额为50332万元；集中采购支付金额为 ????????...展开全文c                                            ", 9月4日 09:59,转发,评论,1,360安全浏览器,FkdMS03LE,0
28,"
                                                                                                    【1至8月阿坝州环保督察信访工作情况】截至8月30日，中央第五环保督察组转交四川省群众来信来电举报案件涉及阿坝州16批次共30件。州迎接中央环保督察工作领导小组共派出27个督导小组237人次，对中央第五环保督察组交办的28件信访办理情况进行督导，发出督办单28份、现场督办单27份、专案督办单8份。截 ????????...展开全文c                                            ", 9月4日 09:59,转发,评论,2,360安全浏览器,FkdMM56jK,0
29,"
                                                                                                    【8月四姑娘山景区实现旅游收入654.85万元】8月，四姑娘山景区共接待海内外游客102803人次，实现旅游收入654.85万元，较去年同期分别增长296.75%和278.35%。其中入境旅游者2.107万人次，同比增长185.5%。团散比为14:86。 ????????                                            ", 9月4日 09:58,转发,评论,1,360安全浏览器,FkdMo8fc5,0
30,"
                                                                                                    【汶川县威州镇双河村入选2017四川百强名村】2017年6月以来，四川村社发展促进会牵头会同西南财经大学中国西部经济研究中心等单位，在全省符合条件的行政村中开展2017四川百强名村评选活动，汶川县威州镇双河村入选。 ????????                                            ", 9月4日 09:57,转发,评论,1,360安全浏览器,FkdMh2SBi,0
31,"
                                                                                                    【汶川康养老年大学揭牌成立】8月29日，汶川康养老年大学在三江镇揭牌。汶川康养老年大学是阿坝州首家结合康养与旅游创办的老年大学，以创新老年教育机制为关键，着力激发社会活力，推动“运动康养、生态颐养、老年文养”纵深发展。 ????????                                            ", 8月31日 09:49,转发,评论,赞,360安全浏览器,FjC0Zay05,0
32,"
                                                                                                    【阿坝州重拳打击涉水违法行为】今年以来，阿坝州水务系统按照省、州要求，严格开展水行政执法工作。截至８月底，全州共计开展634次涉及河道违法采砂、阻水构筑物、非法河道弃渣、水土保持检查、涉河在建工程、电站不按规定下泄生态流量等方面的执法检查，下达责令整改及停止水事违法通知书207份，行政 ????????...展开全文c                                            ", 8月31日 09:49,转发,评论,赞,360安全浏览器,FjC0FCLvU,0
33,"
                                                                                                    【全国首部羌族红色题材电影《红色土司》开拍】8月26日，全国首部羌族红色题材电影《红色土司》在成都举行开机新闻发布会，标志着影片正式启动开机拍摄工作。影片系阿坝州本土羌族作家、羌文化学者叶星光编纂改编，取材于1935年中国工农红军长征借道羌区北上抗日期间的一段可歌可泣的珍贵史实，客观、 ????????...展开全文c                                            ", 8月31日 09:48,4,4,8,360安全浏览器,FjC0CnFv8,0
34,"
                                                                                                    【川甘青3省相关县（市）首届区域联动协作工作会议在红原举行】8月28日至29日，由红原县委、县政府倡议主办的四川、甘肃、青海三省相关县（市）区域联动协作工作会议在红原县举行。来自川甘青3省5州17个县（市）的主要负责人共同签订《四川甘肃青海三省相关县（市）区域联动协作框架协议》，旨在建立区 ????????...展开全文c                                            ", 8月31日 09:48,转发,评论,赞,360安全浏览器,FjC0i3J9U,0
35,"
                                                                                                    【阿坝州积极开展河道采砂专项整治工作】2017年，阿坝州深入推进河长制工作，积极实施清河护岸行动，集中开展河道采砂专项整治。截至8月底，全州共计发放张贴公告和宣传资料1510份，关停堆砂场139个，整改加工场151个，采沙场14个。采取断电措施49处，撤除采砂加工机具72套，扣押非法运砂车14辆、抽砂 ????????...展开全文c                                            ", 8月31日 09:47,转发,评论,赞,360安全浏览器,FjC01qnhr,0
36,"
                                                                                                    【阿坝州健康扶贫工作有序推进】今年以来，阿坝州加大健康扶贫力度，贫困人口医保扶持政策全面落实，贫困人口主动医疗服务深入实施，公共卫生保障不断深化，各项医疗卫生扶贫工作有序推进。一是全面落实和完善“先诊疗后结算”和“一站式”报销服务制度。我州优先落实贫困人口“十免四补助”，今年上 ????????...展开全文c                                            ", 8月31日 09:47,转发,评论,赞,360安全浏览器,FjBZPBvWs,0
37,"
                                                                                                    【人民银行成都分行调增阿坝州扶贫再贷款限额5亿元】近日，为支持“8.8”九寨沟地震灾区灾后重建，人民银行成都分行调增阿坝州扶贫再贷款限额5亿元。此次限额调增后，全州扶贫再贷款限额总量达20亿元。此次新增的扶贫再贷款资金，将由阿坝州农村信用联社发放，重点用于支持九寨沟、松潘、若尔盖、红原 ????????...展开全文c                                            ", 8月31日 09:46,转发,1,赞,360安全浏览器,FjBZz77Xb,1
38,"
                                                                                                    【阿坝州法律援助工作推进有力】截至2017年8月，阿坝州为困难群体提供法律援助服务6115人次，完成全年目标任务的101.91%。其中办理法律援助案件257件，完成全年目标任务的128.5%，办理其他法律援助事项5601件。13个规范化乡镇（街道）法律援助工作站已经建成11个。 ????????                                            ", 8月30日 09:18,转发,评论,4,360安全浏览器,FjsnA8qEM,0
39,"
                                                                                                    【阿坝生态】2017年省下达阿坝州林业筑路工程处森林抚育建设任务1.9万亩，作业面积在金川县俄热作业区内，通过蒲西综合林场近半年施工作业，目前已完成森林抚育1.3万余亩。 ????????                                            ", 8月30日 09:16,转发,评论,3,360安全浏览器,Fjsn4dHn9,0
40,"
                                                                                                    【“绿羌园羌脆李”获18届中国绿色食品博览会金奖】8月18日至22日，第十八届中国绿色食品博览会在内蒙古包头市举办，经过组委会评定，茂县鑫农产业服务公司旗下的“绿羌园”牌羌脆李荣获第十八届中国绿色食品博览会金奖。 ????????                                            ", 8月30日 09:16,1,1,3,360安全浏览器,FjsmP9I1K,0
41,"
                                                                                                    【成兰铁路（阿坝段）累计完成投资120.66亿元】今年1至7月，成兰铁路（阿坝段）完成投资11.91亿元，累计完成投资120.66亿元。自开工建设累计完成情况：15座隧道全部开工，累计完成209949.087成洞米，占设计总量86.6%；开工特大桥、大桥、中桥22座，累计完成15835.46成桥米，占设计总量92.9%；开工框架 ????????...展开全文c                                            ", 8月30日 09:15,1,评论,3,360安全浏览器,FjsmJcDx4,0
42,"
                                                                                                    【1至7月 阿坝州规模以上工业企业实现主营业务收入111.7亿元】1至7月，阿坝州125户规模以上工业企业实现主营业务收入111.7亿元，同比增长7.3%。分县看：汶川县、理县、茂县和黑水四个县的83户规模以上工业企业合计实现主营业务收入99.1亿元，占全州的比重达到88.7%，同比增长9.3%;分行业大类看：电力、 ????????...展开全文c                                            ", 8月30日 09:14,转发,评论,1,360安全浏览器,Fjsm9sWC8,0
43,"
                                                                                                    【1至7月阿坝州重点项目完成投资114.9亿元】在中期调整后，1至7月, 阿坝州76个重点项目动工58个，完成投资114.9亿元，较去年同比增长4%，完成年度计划的59%。其中：续建项目完成投资99.7亿元，完成年度计划的63%；新开工项目完成投资15.2亿元。九寨沟县玉瓦水电站、成阿园区新型环保沥青生产基地项目和 ????????...展开全文c                                            ", 8月30日 09:13,转发,评论,2,360安全浏览器,FjslSjcZX,0
44,"
                                                                                                    【阿坝民生】小金县抚美达日水利工程规划总投资15320万元，涉及抚边乡、美兴镇日尔乡等14个分灌区，计划工期3年，2015年10月开工建设。截至目前，已完成总规模的95%，实现主体工程完工，完成投资11080万元。 ????????                                            ", 8月30日 09:08,转发,评论,2,360安全浏览器,FjsjJ2Ero,0
45,"
                                                                                                    【阿坝卫生】为进一步提升阿坝州乡镇基层医生医疗、医技技术水平，8月27日-28日，由阿坝州卫计委主办，阿坝州人民医院承办的“阿坝州基层卫生服务岗位大练兵及技能竞赛”活动圆满落幕。来自阿坝州13个县基层的各乡镇卫生院组成的13支代表队、52名医疗、医技人员参加了竞赛。本次竞赛包括全科（心电、 ????????...展开全文c                                            ", 8月29日 10:52,转发,评论,赞,360安全浏览器,FjjznhjcH,0
46,"
                                                                                                    【成兰铁路（松潘段）累计完成投资63.94亿元】截至2017年7月底，成兰铁路（松潘段）工程建设累计完成投资639464.4万元。 ????????                                            ", 8月29日 10:50,转发,评论,赞,360安全浏览器,FjjyKeGEc,0
47,"
                                                                                                    【阿坝州加大“瘦肉精”监管 确保养殖投入品安全】今年以来，阿坝州将“瘦肉精”监管重点放在了收购、贩运、屠宰、养殖等环节。(1)加大养殖环节监管。督促养殖户如实记录商品饲料、兽药等投入品的来源，保留相关凭证，建立活畜出栏无“瘦肉精”承诺制度、签订承诺书；(2)加大收购贩运环节监管。强化产 ????????...展开全文c                                            ", 8月29日 10:49,转发,评论,赞,360安全浏览器,Fjjyisg4b,0
48,"
                                                                                                    【阿坝旅游】8月25日、26日,黄龙景区迎来了“8.8”九寨沟7.0级地震后首批团队游客，其中包含3个外籍团队，1个国内团队,共计56人。目前，黄龙景区彩池滴翠，风景宜人，各项设施运转正常，游览秩序良好，广大游客可按照成都-红原-川主寺-牟尼沟-黄龙，成都-绵阳-水晶-黄龙-牟尼沟不同的旅游线路前往景区 ????????...展开全文c                                            ", 8月29日 10:49,3,2,3,360安全浏览器,Fjjy137iT,1
49,"
                                                                                                    【阿坝旅游】8月25日，由中国??川西北冰山草地黄金旅游线文旅联盟携手重庆风行在路上自驾俱乐部、重庆自驾游联合中心策划组织重庆社会各界的车友、20余家省市级媒体、自媒体、网络达人100余人，以“阿坝依然美丽，玩雪山乐草地”为主题的活动正式启动。这是达古冰山景区在九寨沟地震后，迎来的首个重庆 ????????...展开全文c                                            ", 8月29日 10:43,4,2,赞,360安全浏览器,FjjvGuVMY,1
50,"
                                                                                                    【阿坝州牟尼沟景区门票实行“十免一”优惠政策】自“8.8”九寨沟地震后，未受地震影响的阿坝州松潘县牟尼沟景区向游客推出门票“十免一”优惠政策，针对旅行社旅游团队，从即日起至2017年11月15日期间实际购满10张有价门票，立即赠送1张牟尼沟景区当日门票。 ????????                                            ", 8月28日 11:40,2,1,2,360安全浏览器,FjaskARYr,1
51,"
                                                                                                    【阿坝州灾区群众返家入住工作进展顺利】截至8月23日，九寨沟7.0级地震灾区受灾群众累计返家60053人；拆除集中安置点126个，剩余集中安置点167个；集中安置点剩余人数8553人；拆除帐篷743顶，剩余帐篷2139顶。 ????????                                            ", 8月28日 11:39,转发,评论,5,360安全浏览器,Fjas1nAcU,1
52,"
                                                                                                    【1至7月阿坝州电商网络交易实现40.84亿元】据省电子商务大数据中心显示：今年1至7月，阿坝州网络交易额达到40.84亿元，同比增长53.01%，高出全省平均水平24.47个百分点。其中，网络零售快速增长，实现网络零售35.36亿元，同比增长73.28%，高出全省平均水平43.99个百分点。 ????????                                            ", 8月28日 11:39,转发,评论,2,360安全浏览器,FjarNvZkz,0
53,"
                                                                                                    【阿坝州九黄机场恢复至成都航班】　8月23日，阿坝州九黄机场恢复至成都的往返航班，每周有3个往返客运定期航班，分别是每周一、三、五。该航班执飞任务由四川航空公司执行，采用空客A319执飞，单程飞行时间为1小时左右，最低价格为660元。 ????????                                            ", 8月25日 15:59,转发,评论,2,360安全浏览器,FiJRQ2oS8,0
54,"
                                                                                                    【九寨沟县举办灾后首场就业招聘会】8月19日，九寨沟县7.0级地震灾后就业招聘会在九寨沟县新区文化艺术广场举行。本次招聘会主要是由邛崃市组织的来自成都各区市县的78家企业，提供了4000多个岗位,主要分普工招聘区和技术人员招聘区。此次招聘会共有6500余人参加，求职登记3279人，达成就业意愿1604人 ????????...展开全文c                                            ", 8月24日 17:52,2,1,2,360安全浏览器,FiBbiA3ny,1
55,"
                                                                                                    【截至2017年8月23日17时“8.8”九寨沟地震接收捐赠资金情况】截至2017年8月23日17时，阿坝州慈善会、红十字会累计接收“8.8”九寨沟地震捐赠资金29400853.31元。具体捐款细项请点击链接查看 O网页链接 ????????                                            ", 8月24日 17:49,转发,评论,4,bShare分享,FiBab9Q7Z,1
56,"
                                                                                                    【德阿产业园企业提供120个岗位安置地震灾区失业人员】截至8月21日，德阳阿坝产业园区的6家企业正式确定为九寨沟地震灾区120名失业人员解决再就业。目前，园区正着手与九寨沟县地震灾区衔接，按照园区企业提供所需人员情况，把再就业失业人员落实到人头，加快灾区失业人员再就业工作的进度，帮助为灾区 ????????...展开全文c                                            ", 8月24日 17:47,转发,评论,赞,360安全浏览器,FiB9hki5E,1
57,"
                                                                                                    【7月阿坝州 CPI同比涨1.6％】国家统计局阿坝调查队调查数据显示：7月份阿坝州居民消费价格指数(CPI)同比上涨1.6%。其中非食品价格指数同比上涨2.7%；服务项目价格指数同比上涨6.2%；工业品价格指数同比持平；消费品价格指数同比下降0.3%；商品零售价格指数同比下降0.4%。 　　从居民消费价格所调查 ????????...展开全文c                                            ", 8月18日 09:10,转发,评论,2,360安全浏览器,FhDcEFhxQ,0
58,"
                                                                                                    【成兰铁路海拔最高公路改移通车】　8月2日，与成兰铁路交会的国道213线四川松潘县川主寺镇境内公路改移工程已正式交付并通车。 该段改移工程区域海拔3000余米，是目前成兰铁路完成改移工程海拔最高的公路段，改移全长446.64米，路面宽12米，设计时速60公里，最小曲线半径140米，最大纵坡达5.19%，按国 ????????...展开全文c                                            ", 8月18日 09:10,转发,评论,1,360安全浏览器,FhDcpCevi,0
59,"
                                                                                                    【阿坝体育】8月16日，阿坝州黑水籍运动员益西康珠在广西防城港市举行的2017年全国青少年举重分龄锦标赛上，获得女子53KG第三名。这是阿坝州自2014年首次组建举重队在全国比赛中获得的首枚奖牌。 ????????                                            ", 8月18日 09:09,转发,评论,4,360安全浏览器,FhDc17Y4a,0
60,"
                                                                                                    【经济动态】经四川省统计局核定，2017年1-7月，阿坝州社会消费品零售总额完成48.00亿元，同比增长10.2%，其中：城镇完成37.79亿元，同比增长10.3%；乡村完成10.21亿元，同比增长9.6%。 ????????                                            ", 8月18日 09:08,1,1,2,360安全浏览器,FhDbEneYl,0
61,"
                                                                                                    【经济动态】经四川省统计局核定，2017年1-7月，阿坝州限上企业完成社会消费品零售总额21.58亿元，同比增长2.9%，较1-6月回升0.3个百分点。 ????????                                            ", 8月18日 09:08,转发,评论,2,360安全浏览器,FhDbzBXjs,0
62,"
                                                                                                    截至2017年8月17日17时“8.8”九寨沟地震接收捐赠资金情况 - O网页链接 ????????                                            ", 8月17日 17:12,转发,评论,5,bShare分享,FhwVEDEVF,1
63,"
                                                                                                    【经济动态】经四川省统计局审核认定，今年1-7月阿坝州完成全社会固定资产投资200.97亿元，同比下降18.2%。其中，第一产业投资完成7.3亿元，同比下降4.6%；第二产业投资完成60.28亿元，同比下降6.5%；第三产业投资完成133.39亿元，同比下降23.2%。 ????????                                            ", 8月17日 09:10,转发,2,2,360安全浏览器,FhtMbCxUp,0
64,"
                                                                                                    【我州作品参加全国藏语节目评比获佳绩】在8月1日至3日召开的第三十三次全国藏语广播电视文艺节目交换会暨第十八届全国藏语广播电视节目评析会上，阿坝州广播电视台译制中心选送的十件作品有九件获奖。其中专题片《时轮藏香》荣获一等奖；新闻专题《心灵的归宿》、长纪录片《嘉绒氆氇文化》等四件作品 ????????...展开全文c                                            ", 8月17日 09:10,转发,评论,1,360安全浏览器,FhtLZdgVU,0
65,"
                                                                                                    【阿坝州启动九寨沟地震灾后重建规划编制工作】8月8日，九寨沟县7.0级地震发生后，阿坝州发展改革委迅速启动地震灾后恢复重建总体规划编制工作，组织召开灾后重建规划编制会议，成立灾后重建规划编制小组，下设政策研究组、规划文本组、项目编报组，深入灾区调研，详细了解居民住房，教育、卫生等公共 ????????...展开全文c                                            ", 8月17日 09:05,2,3,10,360安全浏览器,FhtJUpN8D,1
66,"
                                                                                                    【7月阿坝州PPI同比上涨7.1%】据国家统计局阿坝调查队调查数据显示，2017年7月阿坝州工业生产者出厂价格指数（PPI）同比上涨7.1%，涨幅比上月缩小0.7个百分点。 　　从调查的11个大类来看，同比呈“8涨1平2降”的态势。上涨的行业有：非金属矿物制品业上涨20.5%，黑色金属冶炼和压延加工业上涨18%， ????????...展开全文c                                            ", 8月17日 09:04,转发,评论,1,360安全浏览器,FhtJEaJpf,0
67,"
                                                                                                    截至2017年8月16日17时“8.8”九寨沟地震接收捐赠资金情况 - O网页链接 ????????                                            ", 8月17日 09:04,转发,评论,2,bShare分享,FhtJttcWa,1
68,"
                                                                                                    截至2017年8月15日17时“8.8”九寨沟地震接收捐赠资金情况 - O网页链接 ????????                                            ", 8月17日 09:03,转发,评论,1,bShare分享,FhtJj9TSs,1
69,"
                                                                                                    【招商引资】1-7月，阿坝州招商引资共有续约项目156个，到位资金53.08亿元，完成全年目标78亿元的68%。其中，到位国内省外资金30.52亿元,完成全年目标任务35亿元的87%。 ????????                                            ", 8月17日 09:02,转发,评论,赞,360安全浏览器,FhtIYuX89,0
70,"
                                                                                                    【阿坝州计划每年安排2亿元用于生态环境保护】为加快我州“三区一中心”建设和岷江—大渡河流域水生态综合治理，阿坝州从2017年开始，每年统筹安排国家重点生态功能区转移支付资金2亿元，重点用于岷江—大渡河流域水生态治理等跨区域、跨流域生态保护与建设。 ????????                                            ", 8月17日 09:02,转发,评论,1,360安全浏览器,FhtIIcixO,0
71,"
                                                                                                    漂亮！//@阿坝旅游:2017年8月12日航拍震后九寨沟                                            ", 8月13日 09:18,9,6,64,vivo X5Pro,FgS79s4hf,0
72,"
                                                                                                    等你""补妆""归来！//@微视评:您从第四纪冰川走来，一路涅槃重生，一路风光无限。您天生就是国际范，我怎能忘记您的倩，待到山花烂漫时，我将归来抚摸您曾受伤的脸。                                            ", 8月12日 17:34,12,5,3554,vivo X5Pro,FgLW3aTGn,0
73,"
                                                                                                    #九寨沟7.0级地震#【知遇知恩 寻找好人】据阿坝州政府应急办，8月11日21时04分，接到江西籍刘丹（同音）女士来电，8月8日晚，九寨沟地震发生后，家人旅游住在九寨天赐藏浴酒店，其女儿被困二楼，2名男子从一楼搭人梯将其救出送至大巴车，刘女士仅知道男子王万军（同音）苏惠平（同音）系仪陇县柴井乡人 ????????...展开全文c                                            ", 8月11日 22:21,10,7,45,微博 weibo.com,FgEocxmL0,1
74,"
                                                                                                    #九寨沟7.0级地震# 22：00接九寨沟县应急办书面报告，截至8月11日21时，经初步核查，九寨沟7.0级地震已造成24人死亡（其中10人身份不明，14人已核实身份）。相关情况续报。via阿坝州政府应急办 ????????                                            ", 8月11日 22:18,6,6,13,微博 weibo.com,FgEmX7rse,1
75,"
                                                                                                    #九寨沟7.0级地震# 【九寨沟地震灾区河谷中发现一辆中巴车 内有3具遗体】8月11日13时许，救援队在漳扎镇上寺寨附近河谷中发现一辆中巴车，车内发现3具遗体。目前，遗体已转移至九寨沟县喜来登国际大酒店停车场，随后将运至县城殡仪馆。截至目前，九寨沟7.0级地震已造成23人死亡、493人受伤（其中 ????????...展开全文c                                            ", 8月11日 18:47,126,46,26,微博 weibo.com,FgCZhiUgG,1
76,"
                                                                                                    #九寨沟7.0级地震# 【九寨沟景区门票车票已退票金额达592.70万元】据阿坝文旅公司统计，8月9日九寨沟共售票29184张，截至8月11日12:00，成都现场及网上已退票21797张，退票金额达592.70万元（不含九寨沟沟口现场退票人数及金额）；截至8月10日，九寨沟景区现场现金退票3362张，退票业务仍在持续。 ????????                                            ", 8月11日 17:46,1,5,15,微博 weibo.com,FgCAzuL9D,1
77,"
                                                                                                    #九寨沟7.0级地震#【截至8月11日11时阿坝州国省干线道路应急抢通保通情况】????????????一、国道213线 　　茂县境内K769+700(石大关旧关楼）处因山体上方存在松散危体，现已抢通应急便道，保障应急救援车辆管制通行。 　　二、国道544线（原省道301线） 　　中断道路已抢通便道，垮塌路段已疏通，现达不 ????????...展开全文c                                            ", 8月11日 12:02,6,2,15,360安全浏览器,FgAkNi3oj,1
78,"
                                                                                                    #九寨沟7.0级地震# 【九寨沟7.0级地震遇难人员名单】　接九寨沟县应急办书面报告，截至目前，九寨沟7.0级地震遇难的20人，其中14名遇难者已确认身份，6名正在核实身份。相关情况续报。（阿坝州人民政府应急管理办公室） ????????                                            ", 8月11日 10:11,116,139,93,360安全浏览器,FgzBYwvfK,1
79,"
                                                                                                    #九寨沟7.0级地震# 接九寨沟县应急办和州卫计委书面报告，截至目前，九寨沟7.0级地震已造成20人死亡、493人受伤（其中重伤45人，较重56人，轻伤392人）。相关情况续报。via 阿坝州政府应急办 ????????                                            ", 8月10日 21:40,9,10,23,微博 weibo.com,FguH5ye43,1
80,"
                                                                                                    转发微博                                            ", 8月10日 16:24,3,3,2,360安全浏览器,FgsCNcB3W,-1
81,"
                                                                                                    #九寨沟7.0级地震# 接九寨沟县应急办书面报告，经初步核查，截至8月10日12时，“8·8”九寨沟7.0级地震已致20人死亡（其中游客6人，本地群众2人，未查明身份12人，新增1人未查明身份），431人受伤(重伤18人，其中17人重症伤员已转移至成都、绵阳救治，1名重伤员暂在松潘县医院救治。注：431名受伤人员中 ????????...展开全文c                                            ", 8月10日 13:00,2706,4528,8490,360安全浏览器,FgrhUk3ax,1
82,"
                                                                                                    #九寨沟7.0级地震# 【“8·8”九寨沟地震已致19人死亡263人受伤】接九寨沟县应急办书面报告，截至8月9日18时25分，经初步核查，“8·8”九寨沟地震已致19人死亡，263人受伤（10人重伤，危重3人，253人轻伤），死亡游客遗体已全部转运至县殡仪馆。相关情况续报。via 阿坝州政府应急办 ????????                                            ", 8月9日 19:47,14,17,25,微博 weibo.com,FgkwwsVo8,1
83,"
                                                                                                    #九寨沟7.0级地震# 【阿坝州慈善总会关于向“8.8”九寨沟地震灾区捐款的倡议书】O网页链接????????????????2017年8月8日21时19分，阿坝州九寨沟县（北纬33.2度，东经103.8度）发生7.0级地震，震源深度20千米。据初步统计,灾害已造成247人受伤，（其中，40人重伤；207人轻伤）19人死亡。为有效做好受 ????????...展开全文c                                            ", 8月9日 18:24,12,5,33,360安全浏览器,FgjZ7FdTb,1
84,"
                                                                                                    #九寨沟7.0级地震# 【阿坝州迅速下拨救灾资金 保障抗震救灾顺利推进】为支持灾区做好应急抢险和群众转移安置工作，阿坝州财政局紧急启动了《阿坝州财政应急保障预案》。同时按照州委、州政府决定州级财政紧急调度0.5亿元救灾资金，截至目前共计向九寨沟县调度应急救灾资金2亿元（中央财政紧急拨付四川 ????????...展开全文c                                            ", 8月9日 17:56,11,13,12,360安全浏览器,FgjNwdnwY,1
85,"
                                                                                                    #九寨沟7.0级地震# 最新应急电话                                            ", 8月9日 17:51,19,2,1544,360安全浏览器,FgjLtoeEI,1
86,"
                                                                                                    #九寨沟7.0级地震# 【九寨沟县财政局关于接受社会爱心捐赠相关事宜的公告】O网页链接九寨沟县抗震救灾指挥部： 　　2017年8月8日21时19分，在九寨沟县发生7.0级地震。灾情发生后，社会众多爱心人士十分关注灾区救援救助工作，并表达了捐款的意愿。为畅通捐款渠道，现将捐款方式公布如下。????????????...展开全文c                                            ", 8月9日 17:34,5,4,13,360安全浏览器,FgjEsaANa,1
87,"
                                                                                                    #九寨沟7.0级地震#接九寨沟县应急办书面报告，九寨沟县漳扎镇M7.0级地震抢险救援工作最新情况如下： 　　一、道路交通情况　　一是县城至漳扎镇、九寨天堂至川主寺道路可通行；二是省道301线九寨沟漳扎镇（沟口）至九寨天堂K79已于凌晨4点抢通便道，K83现持续跨方，正待令，K98孤石断道，现已由松潘 ????????...展开全文c                                            ", 8月9日 16:37,16,7,15,360安全浏览器,Fgjhlkujr,1
88,"
                                                                                                    #九寨沟7.0级地震# 【九寨沟县7.0级地震已造成19人死亡247人受伤】截至8月9日13时10分，经初步核查，“8·8”九寨沟地震已致19人死亡，247人受伤（40人重伤，其中7人已转院，4人转至绵阳中心医院，3人转至四川大学华西医院，其余已全部转移到九寨沟县人民医院和县中藏医院；207人轻伤）。死亡和受伤情况 ????????...展开全文c                                            ", 8月9日 15:38,25,25,24,360安全浏览器,FgiTBrKME,1
89,"
                                                                                                    #九寨沟7.0级地震# 截至8月9日9时25分，经初步核查，九寨沟县漳扎镇M7.0级地震已造成13人死亡、175人受伤（28人重伤）。相关情况续报。via阿坝州人民政府应急管理办公室 ????????                                            ", 8月9日 09:40,84,70,68,微博 weibo.com,FggyrnXi2,1
90,"
                                                                                                    #九寨沟县7.0级地震#航拍：从空中俯瞰九寨沟县城，建筑基本完好，秩序井然。社会车辆排队从景区开出。 L成都商报的秒拍视频 ????????                                            ", 8月9日 08:54,48,22,86,分享按钮,FggfF7KBD,1
91,"
                                                                                                    #九寨沟7.0级地震# 【九寨沟正疏散游客】截至8月9日凌晨5时00分，经初步核查，九寨沟县漳扎镇M7.0级地震已造成9人死亡、164人受伤（23人重伤，141人轻伤）。目前，据初步统计，九寨沟县漳扎镇共滞留游客35000余人，旅行团游客和自驾游游客陆续从甘肃省文县方向和绵阳市平武县方向转移疏散，其余散客由 ????????...展开全文c                                            ", 8月9日 08:32,14,26,33,微博 weibo.com,Fgg6vsgQh,1
92,"
                                                                                                    #九寨沟7.0级地震# 接九寨沟县应急办书面报告，截至8月9日凌晨5时00分，经初步核查，九寨沟县漳扎镇M7.0级地震已造成9人死亡、164人受伤。目前各项工作开展情况如下：????????一、道路情况????????一是九寨沟县交通部门投入14台装载机、10辆小车、2辆运料车、90名工作人员开展道路抢险工作；二是九寨沟县出动 ????????...展开全文c                                            ", 8月9日 05:52,6283,8351,15559,360安全浏览器,Fgf3TdP13,1
93,"
                                                                                                    #九寨沟7.0级地震# 接阿坝州交通局书面报告，九寨沟县漳扎镇M7.0级地震发生后， 州交通局立即组织九寨沟、松潘两县交通公路部门以及九绵高速、雪山梁隧道施工单位10余台机械、50余人投入道路抢险保通工作。同时，已组织州公路局、各县交通运输局进一步抓好道路保通保畅工作，并积极配合当地党委政府做 ????????...展开全文c                                            ", 8月9日 03:46,27,20,51,360安全浏览器,FgeeJ7fVf,1
94,"
                                                                                                    #九寨沟7.0级地震#????【最新发布】接九寨沟县应急办电话报告，截至目前，九寨沟县漳扎镇M7.0级地震已造成9人死亡（其中6名游客、2名本地人、1人身份不明）、受伤135人（其中重伤32人、轻伤103人）。 相关情况续报。（阿坝州人民政府应急管理办公室） @四川发布 @新浪四川 @人民日报 ????????                                            ", 8月9日 03:37,579,141,96,360安全浏览器,FgeaYvkrM,1
95,"
                                                                                                    #九寨沟7级地震# 接阿坝州公安局书面报告，九寨沟县漳扎镇M7.0级地震发生后， 州人民政府副州长、公安局局长刘波涛立即率我州公安部门相关人员赶赴九寨沟县。同时，迅速启动以下工作：一是组织松潘、若尔盖、红原、黑水、马尔康等县（市）公安、消防、特警288人，调集“动中通”指挥车携带通讯设备前往 ????????...展开全文c                                            ", 8月9日 03:05,5,5,25,360安全浏览器,FgdY4Dlkp,1
96,"
                                                                                                    #九寨沟7.0级地震# 接阿坝州卫计委书面报告， 截至目前，我州卫生部门已抽排4支医疗队、9辆救护车、39名医务人员赶往震区。其中松潘县派出的5辆救护车、13名医务人员已到达震区，若尔盖县、红原县及州人民医院派出的4辆救护车、26名医务人员正在赶往震区途中。相关情况续报 （阿坝州人民政府应急管理办 ????????...展开全文c                                            ", 8月9日 02:34,12,21,40,360安全浏览器,FgdLtCHRt,1
97,"
                                                                                                    #九寨沟7.0级地震# 接九寨沟县应急办书面报告，截止8月9日1:30，初步统计九寨沟县漳扎镇M7.0级地震造成该县17个乡镇及景区7人死亡、88人受伤（其中重伤21人、轻伤67人）,九寨沟县已组织各方救援力量536人、大型机械46台，积极开展抢险救援工作。 目前，交通方面松潘方向省道301线有断道、落石阻路，正 ????????...展开全文c                                            ", 8月9日 02:26,220,83,109,360安全浏览器,FgdI0etEz,1
98,"
                                                                                                    #九寨沟7.0级地震# 接阿坝州经济和信息化委书面报告，截至8月8日24时，受九寨沟漳扎镇M7.0级地震影响，九寨沟县通讯、电力、油料供应等方面受到一定影响，其中通讯方面：电信退服基站29个，接入网退服15个，IPRAN受损20对，目前九寨沟景区内传输中断，阿坝电信5个干线传输方向的出州电路正常；移动九寨 ????????...展开全文c                                            ", 8月9日 02:11,17,20,39,360安全浏览器,FgdBUiXFA,1
99,"
                                                                                                    #九寨沟7.0级地震# 接阿坝州防震减灾局书面报告，截至8月9日00:23，“四川省九寨沟7.0级地震”共记录余震196次，其中0-0.9级地震3次，1.0-1.9级地震97次，2.0-2.9级地震75次，3.0-3.9级地震21次，未发生4.0级以上余震。最新数据正在统计中。相关情况续报（阿坝州人民政府应急管理办公室） @人民日报????????????...展开全文c                                            ", 8月9日 01:54,18,13,33,360安全浏览器,Fgdv4j09i,1
100,"
                                                                                                    #九寨沟7.0级地震#【阿坝特警火速赶往救援】按阿坝州公安局党委要求，阿坝特警第一时间启动快速应急预案。截至凌晨1点，阿坝公安共出动警力233人，其中25人已在现场开展救援工作（其余人员正在赶往途中）。此外，阿坝公安交警已在通往灾区的松潘、川主寺是、若尔盖、热当坝，红原、安曲，马尔康刷经寺 ????????...展开全文c                                            ", 8月9日 01:49,6,14,30,360安全浏览器,Fgdt5531g,1
101,"
                                                                                                    转发微博                                            ", 8月9日 01:26,7,7,185,360安全浏览器,FgdjV84Q3,-1
102,"
                                                                                                    #九寨沟7.0地震# 【九寨沟管理局公布应急电话 24小时值守】据九寨沟管理局消息，地震发生后，全体在岗领导全部进入九寨沟景区内进行安全排查工作，并对外公布应急电话应急电话0837-7739529，24小时值守。 ????????                                            ", 8月9日 00:38,117,25,61,360安全浏览器,Fgd0a0XoP,1
103,"
                                                                                                    #九寨沟7.0级地震# 续报二 接九寨沟县应急办电话报告，九寨沟漳扎镇M7.0级地震造成九寨沟县黑河、双河、安乐等乡镇部分房屋倒塌；九寨沟景区盆景滩以上、火花海以下形成堰塞湖；县城至漳扎镇道路畅通，县城至青龙桥（与甘肃省文县交界）道路畅通；多诺水电站库区等工程项目平安；详细灾情正在进一步统 ????????...展开全文c                                            ", 8月9日 00:15,73,167,117,360安全浏览器,FgcQOxAs2,1
104,"
                                                                                                    转发微博                                            ", 8月9日 00:13,9,10,31,360安全浏览器,FgcPXkLrn,-1
105,"
                                                                                                    【通告】 2017年8月8日21时19分，九寨沟县境内发生7.0级地震,九寨沟景区接待条件受到严重影响。当前九寨沟管理局正全力开展景区排险工作。??????????????为保证游客游览安全，九寨沟景区从8月9日起停止接待游客。具体接待游客时间另行通告。目前，已经预订了8月9日及以后门车票的游客可到阿坝文旅办理退票。 ????????...展开全文c                                            ", 8月9日 00:07,44,80,82,360安全浏览器,FgcNG9Mxl,1
106,"
                                                                                                    #九寨沟7.0级地震# 【九寨沟发生7.0级地震 阿坝州启动地震灾害一级应急预案】2017年8月8日21时19分49秒，阿坝州九寨沟县（东经103.82、北纬33.20）发生7.0级地震，震源深度约20公里。灾情发生后，阿坝州紧急启动地震灾害一级应急预案，成立州应急前线指挥部，省人大常委会副主任、州委书记刘作明，州委 ????????...展开全文c                                            ", 8月8日 23:50,26,119,80,360安全浏览器,FgcGOkeqj,1
107,"
                                                                                                    #九寨沟7.0地震# 接九寨沟县应急办电话报告，据初步统计，九寨沟县漳扎镇M7.0级地震目前已造成63人受伤、5人死亡（死者均为游客）。事发后，阿坝州立即启动地震应急Ⅰ级响应，州委副书记、州长杨克宁已率州政府相关部门负责人赶赴现场，周边县（市）已组织医疗、消防等救援人员及部分抢险机具赶赴现场 ????????...展开全文c                                            ", 8月8日 23:44,4068,8968,8558,360安全浏览器,FgcEk3SCe,1
108,"
                                                                                                    【九寨沟县发生7.0级地震 震源深度20千米】中国地震台网正式测定：08月08日21时19分在四川阿坝州九寨沟县（北纬33.20度，东经103.82度）发生7.0级地震，震源深度20千米。震中距九寨沟县39公里、距松潘县66公里、距舟曲县83公里、距文县85公里、距若尔盖县90公里，距陇南市105公里，距成都市285公里。 ????????                                            ", 8月8日 22:26,9,8,20,微博 weibo.com,Fgc8vEWtv,1
109,"
                                                                                                    【上半年九寨沟县协议招商引资金额达80亿元】上半年，九寨沟县共签约招商引资项目6个，涉及旅游资源开发、生态农业、基础设施建设等领域，协议资金达80亿元，超额完成州下达招商引资目标任务。 ????????                                            ", 8月4日 10:38,转发,4,6,360安全浏览器,FfvNv9PGd,0
110,"
                                                                                                    【7月黄龙风景区实现游客接待35.87万人次】7月，黄龙风景区正式开启暑期旺季旅游接待模式，共实现游客接待35.87万人次，环比6月增长44.58%，同比去年基本持平。目前，黄龙风景区气候宜人、设施完善、服务优良、秩序井然，各方面呈现良好态势，欢迎广大游客前往避暑、游览。 ????????                                            ", 8月4日 10:38,转发,评论,4,360安全浏览器,FfvNcedpL,0
111,"
                                                                                                    【国道317线薛城隧道恢复通车】经过近4个月的封闭整修，国道317线理县段薛城隧道维修加固工程完毕，全线恢复通车。今年，国道317线理县境内薛城隧道出现位移、变形等病害，致使隧道出现不同程度裂缝、脱落险情。经过专项检测评定，相关部门决定从4月7号至8月5号对薛城隧道进行加固维修施工，薛城隧道实 ????????...展开全文c                                            ", 8月4日 10:37,转发,评论,1,360安全浏览器,FfvMY3pO3,0
112,"
                                                                                                    【阿坝州柔道队在2017年四川省青少年柔道锦标赛上获2金2银7铜】7月27日—8月2日，2017年四川省青少年柔道锦标赛在南充市体育馆举行，阿坝州柔道队斩获2金2银7铜。其中，马尔康籍运动员李珊获乙组+63KG级金牌、马尔康籍运动员格西木初获甲组-57KG级金牌，女子柔道队获女子团体第3名。 ????????                                            ", 8月4日 10:37,转发,评论,2,360安全浏览器,FfvMLlRXk,0
113,"
                                                                                                    【阿坝州稳步推进水资源费改税试点工作】根据四川省开展全国第二批水资源费改税试点工作部署，阿坝州水务系统以开展取水许可清理为切入点，开展取水许可和水资源费征收清理工作，督促取水单位及时办理到期取水许可证延期换证，组织增加水资源费征收频次，强化水资源费征收监管工作。截至7月底，全州完 ????????...展开全文c                                            ", 8月4日 10:36,转发,评论,3,360安全浏览器,FfvMv7XoH,0
114,"
                                                                                                    【成兰铁路（茂县段）累计完成投资73.94亿元】成兰铁路（茂县段）2017年计划完成投资76000万元，1—7月，完成投资59136万元，完成年度投资计划的77.81%。成兰铁路（茂县段）计划总投资775000万元，开工至今已累计完成投资739446万元，完成投资总额的95.41%。 ????????                                            ", 8月4日 10:35,转发,评论,1,360安全浏览器,FfvMdEvLb,0
115,"
                                                                                                    【截至7月底汶马高速累计完成投资141.9亿】截至7月底，汶马高速公路本年度累计完成投资32.2亿元，占交通运输厅下达的年度投资目标60亿元的53.6%，自开工累计完成投资141.9亿，占项目概算总投资287亿元的49.4%。 ????????                                            ", 8月3日 09:28,转发,评论,1,360安全浏览器,FflUycbkT,0
116,"
                                                                                                    【黄龙美景将走进韩国中小学】8月2日，韩国中小学教师摄影团前往黄龙景区参观考察。此次考察团由韩国HANATOUR旅行社发起，黄龙景区支持配合考察行程。摄影团分为地质摄影组、美景图片组、花卉植物组、鸟类动物组、科普环保组、民俗风情组等，拍摄搜集的图片资料将统一由韩国教育部分类编入其中小学教材 ????????...展开全文c                                            ", 8月3日 09:28,1,评论,赞,360安全浏览器,FflUfglkX,0
117,"
                                                                                                    【卧龙圈养大熊猫野外引种实验成功】7月31日凌晨，中国大熊猫保护研究中心圈养大熊猫“草草”在卧龙核桃坪野化基地顺利的产下一只幼崽，幼崽为雄性，重216克。“草草”的顺利产仔意味着全球首例大熊猫野外引种实验成功。专家介绍，野外引种实验是大熊猫保护研究的新突破，能够为大熊猫种群增加新的基 ????????...展开全文c                                            ", 8月3日 09:27,转发,评论,1,360安全浏览器,FflU4Dnvj,0
118,"
                                                                                                    【7月九寨沟景区接待游客62.56万人次】进入7月以来，九寨沟管理局积极行动，通过开展“清凉九寨行 避暑养生旅游”、全域旅游整合营销、“中国醉美黄金旅游走廊2017夏季联合营销系列推介活动”等系列营销工作，充分发挥景区自有平台（官方网站、微博、微信）作用，有效拉动了九寨沟暑期旅游市场。7月， ????????...展开全文c                                            ", 8月2日 11:24,转发,评论,赞,360安全浏览器,FfdeR6Xxt,0
119,"
                                                                                                    【阿坝州青少年校外教育活动中心赴京舞蹈展演获佳绩】“校园时代·我是名星”第十六届全国青少年网络电视艺术大赛，近日在北京清华大学新清华学堂落下帷幕，阿坝州青少年校外教育活动中心少儿舞团在此次大赛中获得佳绩。其中，《古再勒格勒》获得本届展演特别金奖、《绿满羌山》获得金奖、《嘉绒德咪》 ????????...展开全文c                                            ", 8月2日 11:23,转发,评论,1,360安全浏览器,FfdexyYRo,0
120,"
                                                                                                    【阿坝州全面推进“互联网＋政务服务”工作】为持续推进简政放权、放管结合、优化服务，进一步深化商事登记制度改革。进一步促进部门间信息共享，打破信息孤岛，变“群众跑腿”为“信息跑路”，持续深化“审批不见面，最多跑一次”的服务模式，阿坝州各县（市）多措并举，稳步推进“互联网+政务服务” ????????...展开全文c                                            ", 8月1日 09:49,转发,评论,赞,360安全浏览器,Ff3bZf1aQ,0
121,"
                                                                                                    【阿坝州不断深化医疗卫生体制改革工作】一是公立医院综合改革工作加快推进。全州25家县级公立医院、3家城市公立医院继续巩固取消药品加成成果。健全县级公立医院的绩效考核制度、内部管理制度、医院内部决策和制约机制，做强医疗联合体。组织全州29家公立医院开展公立医院综合改革效果评价考核工作。 ????????...展开全文c                                            ", 8月1日 09:49,转发,评论,赞,360安全浏览器,Ff3bPd9Ct,0
122,"
                                                                                                    【阿坝州加强措施做好少数民族语言文字工作】为更好地贯彻落实《国家民委关于做好少数民族语言文字管理工作的意见》精神，阿坝州加强措施，努力做好少数民族语言文字管理工作。一是调整充实少数民族语言文字工作委员会（以下简称：州少语委）成员单位。为满足因人事变动造成的工作需要，阿坝州对州少 ????????...展开全文c                                            ", 8月1日 09:48,转发,评论,2,360安全浏览器,Ff3bzx3yR,0
123,"
                                                                                                    【上半年阿坝州规模以上服务业稳健增长】2017年上半年，阿坝州规模以上服务业企业49户，实现营业收入9.43亿元，比去年同期增加0.55亿元，同比增长6.3%。其中其他营利性服务业实现营业收入3.66亿元，同比增长1.1%。 ????????                                            ", 8月1日 09:47,转发,评论,赞,360安全浏览器,Ff3bjixSd,0
124,"
                                                                                                    【上半年阿坝州规模以上工业企业实现主营业务收入95.05亿元】上半年，阿坝州125户规模以上工业企业实现主营业务收入95.05亿元，同比增长10.1%。分县看：汶川县、理县、茂县和黑水四个县的83户规模以上工业企业合计实现主营业务收入84.35亿元，同比增长14.5%，占全州的比重达到88.7%；分行业大类看：电 ????????...展开全文c                                            ", 8月1日 09:47,转发,评论,赞,360安全浏览器,Ff3b7c409,0
125,"
                                                                                                    【2017年阿坝州住房公积金结息5289.29万元】阿坝州住房公积金管理中心根据《住房公积金管理条例》规定，按照2017年6月30日央行挂牌利率，对全州73558名住房公积金缴存职工账户进行结息，共结息5289.29万元，同比增加9.98%，人均719.06元。 ????????                                            ", 7月31日 08:56,转发,评论,2,360安全浏览器,FeTq54Cbv,0
126,"
                                                                                                    【上半年阿坝州民营经济平稳较快增长】 2017年上半年，阿坝州实现民营经济增加值55.69亿元，比去年同期增加6.16亿元，同比增长8.5%，高于GDP增速0.2个百分点。其中，第一产业民营经济增加值为5.61亿元，增长3%；第二产业民营经济增加值为33.9亿元，增长10.1%；第三产业民营经济增加值为16.18亿元，增长 ????????...展开全文c                                            ", 7月31日 08:56,转发,评论,赞,360安全浏览器,FeTpU6ikR,0
127,"
                                                                                                    【上半年阿坝州城镇居民可支配收入达15223元】经省统计局和国家统计局四川调查总队审核认定，阿坝州2017年上半年城镇居民可支配收入达15223元，同比增长8.4%。 O网页链接 ????????                                            ", 7月26日 16:55,转发,评论,赞,bShare分享,FebpRCCMh,0
128,"
                                                                                                    【阿坝州退休人员基本养老金调整】 阿坝州从2017年1月1日起，为全州企业及机关事业单位退休人员调整基本养老金。本次调整的人员范围为2016年12月31日前已按规定办理退休手续并领取基本养老金的退休人员。政策惠及全州55260名企业及机关事业单位退休人员。 O网页链接 ????????                                            ", 7月26日 16:54,1,1,赞,bShare分享,Febpvtns8,0
129,"
                                                                                                    【上半年阿坝州共归集住房公积金7.63亿元 】 1至6月，阿坝州共归集住房公积金7.63亿元，新增缴存人数1872人，办理个人住房贷款1369笔5.25亿元，办理个人提取18314笔4.35亿元。 O网页链接 ????????                                            ", 7月26日 16:53,转发,评论,赞,bShare分享,FeboXdfOk,0
130,"
                                                                                                    【2017第二届松潘古城花灯会盛大开幕】7月22日，第二届松潘古城花灯会开幕，“大美松州”“松潘印象”“茶马情”等80组花灯点亮松潘。本次灯会将持续到10月，期间还将举行国际特色美食狂欢节、少数民族非遗作品展、4+2房车自驾露营游、大学生山地车挑战赛、“汉唐月映·影动松州”摄影展等主题活动。 ????????                                            ", 7月26日 16:52,1,1,2,360安全浏览器,FebowjOd8,0
131,"
                                                                                                    【上半年 阿坝州规模以上工业6成行业实现增长】上半年，阿坝州125户规模以上工业企业共涉及15个大类行业和22个中类行业，22个中类行业中“14增8降”，其中10个行业增速高于州内平均水平。累计增速高于州内平均水平的10个行业分别是：电力生产增长9.0%，基础化学原料制造增长11.0 %，塑料制品业增长13.2 ????????...展开全文c                                            ", 7月24日 10:58,转发,评论,赞,360安全浏览器,FdQeabDTE,0
132,"
                                                                                                    【上半年 阿坝州规模以上电力生产和供应行业支撑作用明显】从行业门类看，占阿坝州规模以上工业增加值比重最高的是电力、热力、燃气及水生产和供应业。上半年，该行业实现的现价工业增加值占州内实现的现价工业增加值总量比重达71.2%，同比增长8.0%，对州内规模以上工业增加值增长的贡献率达67.9%，拉 ????????...展开全文c                                            ", 7月24日 10:58,转发,评论,1,360安全浏览器,FdQe09jtW,0
133,"
                                                                                                    【阿坝州持续加大水土流失治理力度】为积极构建生态文明新阿坝，阿坝州按照“政府搭台、水务为主、部门合力、社会参与”的总格局，持续加大水土流失治理力度，截止目前，全州累计完成投资2273万元，完成全年计划投资的75.8%，完成水土流失治理面积45.46平方公里。 ????????                                            ", 7月21日 09:57,转发,评论,1,360安全浏览器,FdnxJkSMA,0
134,"
                                                                                                    【上半年阿坝州第二产业蓬勃发展 拉动经济快速增长】上半年，阿坝州第二产业实现增加值69.24亿元，增长9.8%，对经济增长的贡献率为62.6%，拉动经济增长5.2个百分点。其中，全部工业实现增加值56.58亿元，增长8.5%，对经济增长的贡献率为45.0%，拉动经济增长3.7个百分点；建筑业实现增加值12.66亿元，增 ????????...展开全文c                                            ", 7月21日 09:56,转发,评论,1,360安全浏览器,FdnxtmoQX,0
135,"
                                                                                                    【上半年阿坝州GDP增速8.3%】上半年，阿坝州实现地区生产总值131.27亿元，按可比价比上年增长8.3%，高于全省.01个百分点，高于全国1.4个百分点。其中，第一产业增加值10.45亿元，增长3.4%；第二产业增加值69.24亿元，增长9.8%；第三产业增加值51.58亿元，增长7.2%。 ????????                                            ", 7月21日 09:56,转发,评论,1,360安全浏览器,FdnxmjiNd,0
136,"
                                                                                                    【上半年阿坝州外贸进出口实现1.23亿元】据海关数据统计：1—6月，阿坝州外贸进出口实现1.23亿元，同比增长10.2%，完成全年进出口目标任务的61.5%。其中，出口0.96亿元，同比增长11.9%，进口0.27亿元，同比增长4.4%。 ????????                                            ", 7月21日 09:56,转发,评论,1,360安全浏览器,FdnxeixGV,0
137,"
                                                                                                    【阿坝州完成重点项目中期调整工作】近日，阿坝州根据上半年重点项目推进情况，深入研究分析项目下一步进展和预期投资情况，对2017年全州78个重点项目进行了中期调整。此次调整调减了4个年内无法开工项目，调增了2个已开工或具备开工条件项目，对7个项目年度计划投资进行了调整。调整后，阿坝州重点项 ????????...展开全文c                                            ", 7月20日 11:15,转发,评论,赞,360安全浏览器,FdeD0wr9G,0
138,"
                                                                                                    【上半年阿坝州实现电子商务网络交易34.54亿元】据省电子商务大数据中心显示，今年1-6月，阿坝州电子商务发展迅猛，电子商务网络交易额达到34.54亿元，同比增长57.50%，高出全省平均水平27.94个百分点，增速全省排名第4。其中网络零售额达到29.50亿元，同比增长74.94%，同比增速全省排名第一。 ????????                                            ", 7月20日 11:14,转发,评论,赞,360安全浏览器,FdeCC1H8P,0
139,"
                                                                                                    【阿坝州新增一处国家级自然保护区】近日，经国务院审定通过，四川白河由省级自然保护区晋升为国家级自然保护区。保护区建立于1963年，属首批五个省级自然保护区之一，保护区位于阿坝州九寨沟县境内，总面积16204.3公顷。保护区属野生动物类型，保护区内生活有国家I级重点保护野生动物川金丝猴1600只左 ????????...展开全文c                                            ", 7月19日 09:29,转发,评论,1,360安全浏览器,Fd4vsvuNE,0
140,"
                                                                                                    【阿坝州2万余册非遗教材丛书送进农家书屋和农民夜校】7月17日，阿坝州在马尔康市举行非物质文化遗产职业技能培训教材丛书进农家赠书仪式，将2万余册教材丛书分批次免费发送到全州1362个村的农家书屋和农民夜校。13本非遗技能培训教材丛书涵盖民族传统技艺、文化习俗、特色美食三大类，包括《唐卡》《 ????????...展开全文c                                            ", 7月19日 09:28,2,评论,1,360安全浏览器,Fd4uTDaQX,0
141,"
                                                                                                    【7月阿坝州地表水环境质量达标率100%】阿坝州岷江、嘉陵江、黄河水系共设置国控及省控地表水监测断面7个。其中，国控监测断面5个，省控监测断面2个。7月监测结果表明，岷江、嘉陵江、黄河水系阿坝州段地表水水质优，Ⅰ类水质断面1个，Ⅱ类水质断面6个，达标率100%。 ????????                                            ", 7月19日 09:27,转发,评论,1,360安全浏览器,Fd4uFcklZ,0
142,"
                                                                                                    【截至6月底 汶马高速累计完成投资137.9亿元】截至6月底，汶马高速公路本年度累计完成投资28.2亿元，占交通运输厅下达的年度投资目标的47%，自开工累计完成投资137.9亿元，占项目概算总投资的48%。 ????????                                            ", 7月19日 09:27,转发,评论,赞,360安全浏览器,Fd4urylly,0
143,"
                                                                                                    【上半年阿坝州建筑业总产值增长49.1%】2017年上半年，阿坝州有资质的总承包和专业承包建筑业企业共完成建筑业总产值7.93亿元，同比增长49.1%，增速比去年同期回升48.8个百分点。 ????????                                            ", 7月19日 09:26,转发,评论,1,360安全浏览器,Fd4ucb6KT,0
144,"
                                                                                                    【中国阿坝州网站“”在线访谈“”栏目访谈预告】阿坝州是地震多发区，生活在这片土地上的我们，应当怎样做才能最大限度地减轻地震灾害损失，才能让我们少损失、少流泪、少流血呢？7月20日上午，我们将请到阿坝州防震减灾局副局长郭健康同志为我们讲解如何预防和科学减灾，欢迎广大网民积极留言提问， ????????...展开全文c                                            ", 7月18日 16:57,1,1,2,360安全浏览器,FcY0QwJ0D,0
145,"
                                                                                                    截至2017年7月14 日，四姑娘山景区共接待海内外游客200367人次，同比增长364.56%。较去年提前4个月突破20万游客接待量，创历史新高。四姑娘山管理局制定了高峰期应急预案，确保旅游秩序良好，无重特大安全事故和旅游投诉发生。 ????????                                            ", 7月18日 10:31,转发,评论,1,360安全浏览器,FcVtVs5ts,0
146,"
                                                                                                    【上半年阿坝州住房公积金中心发放贷款突破5亿元】阿坝州住房公积金中心始终按照“稳中求进、稳健运营”的工作主基调，着力实现缴存职工“住有所居、安居乐业”的目标，在严防贷款风险、确保资金安全的前提下，不断创新服务方式，优化办理流程，多措并举，不断扩大住房公积金受益面。1-6月，共向全州13 ????????...展开全文c                                            ", 7月18日 10:30,转发,评论,赞,360安全浏览器,FcVtPfoJ3,0
147,"
                                                                                                    【阿坝州汽车贸易产业发展形势强劲】阿坝州汶川县威州镇沙窝子汽车产业园区，现已形成集汽车销售、二手车交易、报废汽车回收，以及汽车维修、装饰美容、保险理赔、汽车金融等为一体的汽车产业服务链。2017年上半年，该汽车产业园区实现汽车销售131辆，实现交易金额1113.35万元；实现二手车交易2607辆， ????????...展开全文c                                            ", 7月18日 10:30,转发,评论,赞,360安全浏览器,FcVtwmbx9,0
148,"
                                                                                                    1—6月，阿坝州共有续约项目155个，到位资金46.77亿元，完成全年目标的60%。其中，到位国内省外资金27.12亿元,完成全年目标任务的77%。 ????????                                            ", 7月18日 10:29,转发,评论,赞,360安全浏览器,FcVtat1M3,0
149,"
                                                                                                    1—6月，阿坝州限上企业完成社会消费品零售总额17.26亿元，同比增长2.6%，较上月回升1.6个百分点。 ????????                                            ", 7月17日 09:49,转发,评论,赞,360安全浏览器,FcLMjd5yX,0
150,"
                                                                                                    经四川省统计局核定：上半年，阿坝州规模以上工业增加值同比增长10.0%（含“飞地”园区：成阿园区和德阿园区）。全州规模以上工业经济呈快速增长态势，增速明显好于同期、远超预期。比上年同期6.2%的增速，回升3.8个百分点，明显好于同期；比上半年全州预期目标7%，高3.0个百分点，远远超过预期。 ????????                                            ", 7月17日 09:48,1,1,赞,360安全浏览器,FcLLWpVtO,0
151,"
                                                                                                    经省统计局核定，2017年1-6月，阿坝州社会消费品零售总额完成40.08亿元，同比增长10.2%。其中，城镇完成31.77亿元，同比增长10.2%；乡村完成8.31亿元，同比增长9.9%。 ????????                                            ", 7月17日 09:47,转发,评论,赞,360安全浏览器,FcLLRFI6c,0
